{
  "project_info": {
    "project_number": "294800992208",
    "firebase_url": "https://traya-9559e.firebaseio.com",
    "project_id": "traya-9559e",
    "storage_bucket": "traya-9559e.appspot.com"
  },
  "client": [
    {
      "client_info": {
        "mobilesdk_app_id": "1:294800992208:android:38038cda8f916cf4963bd5",
        "android_client_info": {
          "package_name": "com.ionicframework.traya"
        }
      },
      "oauth_client": [
        {
          "client_id": "294800992208-v1m69lc8og4it00eb5kl955ppnlbkpl7.apps.googleusercontent.com",
          "client_type": 3
        }
      ],
      "api_key": [
        {
          "current_key": "AIzaSyA4dI2GZdbh_gGeH3vnOmFhMUC5zLW2wrM"
        }
      ],
      "services": {
        "appinvite_service": {
          "other_platform_oauth_client": [
            {
              "client_id": "294800992208-v1m69lc8og4it00eb5kl955ppnlbkpl7.apps.googleusercontent.com",
              "client_type": 3
            }
          ]
        }
      }
    }
  ],
  "configuration_version": "1"
}